{"cameraMode":{"drawMode":0,"name":"Shaded","section":"Shading Mode"},"sceneLighting":true,"audioPlay":false,"sceneViewState":{"showFog":true,"showMaterialUpdate":false,"showSkybox":true,"showFlares":true,"showImageEffects":true,"showParticleSystems":true},"in2DMode":false,"pivot":{"x":-0.06048107147216797,"y":-59.72888946533203,"z":9.603845596313477},"rotation":{"x":0.028842883184552194,"y":-0.7213869690895081,"z":-0.030099596828222276,"w":-0.6912818551063538},"size":6.026417255401611,"orthographic":false}