{"cameraMode":{"drawMode":0,"name":"Shaded","section":"Shading Mode"},"sceneLighting":true,"audioPlay":false,"sceneViewState":{"showFog":true,"showMaterialUpdate":false,"showSkybox":true,"showFlares":true,"showImageEffects":true,"showParticleSystems":true},"in2DMode":false,"pivot":{"x":5.537379741668701,"y":4.947465896606445,"z":7.9163007736206059},"rotation":{"x":0.23651762306690217,"y":-0.48382702469825747,"z":0.13766086101531983,"w":0.8312787413597107},"size":10.0,"orthographic":false}