{"cameraMode":{"drawMode":0,"name":"Shaded","section":"Shading Mode"},"sceneLighting":true,"audioPlay":false,"sceneViewState":{"showFog":true,"showMaterialUpdate":false,"showSkybox":true,"showFlares":true,"showImageEffects":true,"showParticleSystems":true},"in2DMode":false,"pivot":{"x":1.3368278741836548,"y":2.5974998474121095,"z":8.322386741638184},"rotation":{"x":0.1546209305524826,"y":-0.6683003902435303,"z":0.14491337537765504,"w":0.7130699753761292},"size":14.503823280334473,"orthographic":false}