{"cameraMode":{"drawMode":0,"name":"Shaded","section":"Shading Mode"},"sceneLighting":false,"audioPlay":false,"sceneViewState":{"showFog":true,"showMaterialUpdate":false,"showSkybox":false,"showFlares":true,"showImageEffects":true,"showParticleSystems":true},"in2DMode":false,"pivot":{"x":-0.04528898000717163,"y":1.6051952838897706,"z":5.9940266609191898},"rotation":{"x":0.14497405290603639,"y":-0.013356994837522507,"z":0.001957303611561656,"w":0.9893437027931213},"size":1.3451457023620606,"orthographic":false}